<?xml version="1.0" encoding="UTF-8"?>
<project-private xmlns="http://www.netbeans.org/ns/project-private/1">
    <editor-bookmarks xmlns="http://www.netbeans.org/ns/editor-bookmarks/2" lastBookmarkId="0"/>
    <open-files xmlns="http://www.netbeans.org/ns/projectui-open-files/2">
        <group>
            <file>file:/C:/Users/User/Documents/NetBeansProjects/KuisVina/src/motherboardremidi/db/DBHelper.java</file>
            <file>file:/C:/Users/User/Documents/NetBeansProjects/KuisVina/src/kuisvina/FXMLDocumentController.java</file>
            <file>file:/C:/Users/User/Documents/NetBeansProjects/KuisVina/src/kuisvina/FXMLDocument.fxml</file>
            <file>file:/C:/Users/User/Documents/NetBeansProjects/KuisVina/src/kuisvina/Motherboard.java</file>
            <file>file:/C:/Users/User/Documents/NetBeansProjects/KuisVina/src/kuisvina/MotherboardDataModel.java</file>
            <file>file:/C:/Users/User/Documents/NetBeansProjects/KuisVina/src/kuisvina/KuisVina.java</file>
        </group>
    </open-files>
</project-private>
